{
    "coverage": 0.9980989839396919,
    "accuracy": 0.644489688690398
}