{
    "coverage": 0.997509013438217,
    "accuracy": 0.6420450811592298
}