{
    "coverage": 0.08102261553588987,
    "accuracy": 0.6852750809061489
}