{
    "coverage": 0.9980989839396919,
    "accuracy": 0.6384473926178904
}