{
    "coverage": 0.2025565388397247,
    "accuracy": 0.8077669902912621
}