{
    "coverage": 0.20544083906915767,
    "accuracy": 0.8050414805360562
}