{
    "coverage": 0.046411012782694196,
    "accuracy": 0.6016949152542372
}