{
    "coverage": 0.3029170763684038,
    "accuracy": 0.7279809565029215
}