{
    "coverage": 0.034087184529662404,
    "accuracy": 0.39615384615384613
}