{
    "coverage": 0.9976401179941002,
    "accuracy": 0.5954399106380183
}