{
    "coverage": 0.999803343166175,
    "accuracy": 0.6811565696302124
}