{
    "coverage": 0.20419534578826615,
    "accuracy": 0.755056179775281
}