{
    "coverage": 0.22346771550311373,
    "accuracy": 0.7949545321208565
}