{
    "coverage": 0.014421501147164863,
    "accuracy": 0.6409090909090909
}