{
    "coverage": 0.988856112749918,
    "accuracy": 0.592774279085184
}