{
    "coverage": 0.997509013438217,
    "accuracy": 0.5842807386475652
}