{
    "coverage": 0.08174369059324811,
    "accuracy": 0.7497995188452286
}