{
    "coverage": 0.20026220911176662,
    "accuracy": 0.8114566284779051
}