{
    "coverage": 0.018354637823664373,
    "accuracy": 0.5714285714285714
}