{
    "coverage": 0.9552933464437889,
    "accuracy": 0.6302751664036231
}