{
    "coverage": 0.9980989839396919,
    "accuracy": 0.673847366347038
}