{
    "coverage": 0.9980989839396919,
    "accuracy": 0.6889531065283069
}