{
    "coverage": 0.293477548344805,
    "accuracy": 0.7572034844762118
}